Department,Shift,Actual_Working_Hours,Hourly_Wage,Weekend,Holiday,Month,Day_of_Week,Overtime_Cost
Sales,Evening,9.11,40.6,0,0,11,0,67.6
IT,Evening,11.25,72.29,0,0,2,3,352.41
IT,Night,13.24,60.26,0,0,1,0,473.64
Finance,Morning,12.39,52.93,0,0,5,2,348.54
IT,Night,12.84,28.58,0,0,5,1,207.49
HR,Morning,11.95,28.58,0,0,4,4,169.34
HR,Night,12.15,23.19,0,0,3,3,144.36
IT,Evening,13.1,67.64,1,0,2,5,689.93
Finance,Evening,9.5,53.06,1,0,12,5,159.18
Sales,Evening,10.94,58.94,0,0,10,1,259.93
Sales,Evening,9.33,21.13,0,0,2,4,42.15
Finance,Morning,13.93,73.35,0,0,10,3,652.45
Production,Night,13.66,65.78,0,0,8,1,558.47
HR,Morning,8.24,31.68,0,0,1,4,11.4
Production,Night,12.23,30.0,0,0,1,3,190.35
Finance,Evening,13.55,30.09,0,0,2,0,250.5
Production,Evening,9.08,36.73,0,0,4,1,59.5
Finance,Evening,11.41,48.86,0,0,4,2,249.92
Sales,Night,13.49,43.76,0,0,9,1,360.36
Sales,Evening,8.2,36.02,0,0,11,2,10.81
Production,Morning,12.18,53.65,0,1,1,1,448.51
Production,Morning,9.78,27.67,0,0,10,2,73.88
HR,Morning,13.55,36.07,1,0,4,5,400.38
Sales,Night,13.83,40.15,1,0,11,5,468.15
HR,Morning,13.67,45.08,0,0,12,4,383.41
Production,Evening,10.85,63.18,0,0,10,1,270.09
Finance,Night,13.17,30.98,1,0,8,6,320.33
Sales,Evening,13.07,48.28,0,1,4,2,489.56
Finance,Night,9.91,52.58,0,0,8,0,150.64
HR,Morning,12.97,22.55,0,0,10,2,168.11
HR,Evening,8.22,53.41,0,0,5,4,17.63
IT,Evening,11.58,29.38,1,0,1,5,210.36
Sales,Night,9.38,23.58,1,0,3,6,65.08
Sales,Evening,8.72,72.19,0,1,12,2,103.95
HR,Morning,8.46,73.11,0,0,8,1,50.45
Finance,Night,12.18,64.46,0,0,6,1,404.16
Sales,Evening,10.04,36.75,0,0,5,4,112.45
HR,Night,12.35,25.37,0,0,3,4,165.54
IT,Evening,8.39,57.63,0,0,4,0,33.71
Production,Morning,9.89,44.21,1,0,6,6,167.11
Sales,Morning,11.24,26.71,1,0,2,5,173.08
Production,Morning,12.74,47.23,0,0,2,0,335.81
Finance,Morning,9.91,21.89,0,0,7,0,62.71
IT,Evening,11.76,70.01,0,0,2,2,394.86
Sales,Morning,13.32,34.23,0,0,7,3,273.16
Production,Night,11.7,56.44,0,0,6,3,313.24
Production,Evening,9.4,37.14,0,0,11,3,77.99
HR,Morning,8.15,48.6,0,0,5,4,10.94
Production,Night,13.22,50.07,0,0,1,3,392.05
Finance,Evening,8.13,30.17,1,0,8,6,7.84
Production,Night,13.25,73.33,0,0,10,3,577.47
Finance,Evening,11.17,62.63,0,0,3,2,297.81
Finance,Night,13.63,71.67,1,0,7,6,807.0
HR,Morning,12.79,69.22,0,0,2,0,497.35
IT,Night,13.99,52.88,0,0,10,4,475.13
Finance,Night,10.1,70.7,1,0,5,5,296.94
Production,Evening,12.6,24.87,0,0,11,1,171.6
Production,Evening,10.41,30.78,0,0,11,3,111.27
Finance,Morning,10.88,22.49,1,0,7,5,129.54
Production,Night,11.77,37.89,0,0,10,3,214.27
Sales,Night,13.24,41.38,0,0,4,2,325.25
HR,Night,13.9,34.92,1,0,12,5,412.06
Production,Night,12.61,65.58,0,0,2,2,453.49
HR,Morning,10.51,39.62,0,0,1,4,149.17
Finance,Evening,10.53,35.45,0,0,12,4,134.53
Finance,Night,12.43,49.85,1,0,4,6,441.67
Finance,Morning,9.43,27.75,0,0,5,3,59.52
HR,Morning,8.66,64.12,0,0,2,0,63.48
Production,Morning,10.13,24.1,0,0,4,2,77.0
Sales,Morning,9.72,74.28,0,0,2,4,191.64
HR,Morning,9.78,62.47,0,0,7,0,166.79
Sales,Evening,9.4,30.93,0,0,5,4,64.95
Production,Morning,8.25,20.3,0,0,8,3,7.61
Production,Evening,8.11,64.85,1,0,11,5,14.27
HR,Night,13.93,58.88,1,0,7,6,698.32
IT,Night,10.57,60.1,0,0,3,1,231.69
Sales,Evening,10.31,62.42,0,0,7,2,216.29
Finance,Evening,12.08,24.07,0,0,7,1,147.31
Sales,Night,9.31,39.72,0,1,4,4,104.07
Production,Morning,13.7,26.37,0,0,12,2,225.46
Production,Night,12.72,67.47,1,0,5,5,636.92
HR,Morning,8.54,54.28,0,0,12,4,43.97
IT,Morning,10.51,38.2,0,0,12,1,143.82
Finance,Evening,13.27,23.5,0,0,11,4,185.77
Sales,Evening,13.67,37.1,0,0,2,3,315.54
IT,Night,10.8,37.89,1,0,11,5,212.18
Finance,Night,11.68,60.13,1,0,11,5,442.56
Production,Evening,9.0,55.07,1,0,3,5,110.14
Production,Night,13.95,68.8,0,0,10,2,614.04
HR,Evening,9.39,45.97,0,0,5,1,95.85
HR,Evening,13.66,26.58,0,0,3,1,225.66
Sales,Night,11.9,59.23,0,1,8,0,461.99
IT,Morning,11.65,61.84,0,0,7,0,338.57
IT,Morning,11.08,50.87,0,0,5,0,235.02
Finance,Evening,9.38,62.4,0,0,11,0,129.17
Sales,Night,9.06,47.16,0,0,12,4,74.98
HR,Morning,9.32,48.75,0,0,10,0,96.52
Sales,Evening,9.12,43.51,0,0,4,2,73.1
Production,Evening,12.68,21.4,0,0,12,2,150.23
HR,Night,10.1,25.93,0,0,6,0,81.68
IT,Night,8.35,21.73,0,0,1,2,11.41
HR,Evening,13.81,55.0,0,0,4,0,479.33
Production,Morning,13.3,37.29,0,0,1,4,296.46
HR,Night,13.57,47.97,0,0,6,2,400.79
IT,Night,13.97,69.92,0,0,7,4,626.13
Production,Night,9.04,33.71,1,0,5,6,70.12
Finance,Morning,10.38,42.57,0,0,2,0,151.97
Sales,Morning,12.55,61.56,1,0,4,5,560.2
Finance,Evening,12.18,32.58,1,0,10,5,272.37
Production,Night,8.92,24.23,0,1,6,2,44.58
Production,Morning,12.89,35.94,1,0,4,5,351.49
Production,Morning,9.35,28.87,0,0,12,1,58.46
IT,Night,9.34,71.13,1,0,9,5,190.63
Production,Morning,11.22,64.45,0,0,7,1,311.29
Sales,Evening,11.56,54.84,0,0,11,2,292.85
IT,Morning,11.48,67.93,1,0,8,5,472.79
Production,Morning,8.55,64.2,1,0,3,5,70.62
IT,Evening,13.26,30.26,0,0,5,4,238.75
Sales,Night,9.59,69.09,0,0,3,3,164.78
Sales,Morning,8.78,49.66,0,0,5,2,58.1
IT,Evening,13.33,64.41,0,0,10,2,514.96
HR,Night,13.73,69.29,0,0,10,4,595.55
Finance,Evening,13.17,37.49,0,1,5,3,387.65
Production,Morning,12.86,26.05,0,0,10,0,189.9
Finance,Evening,11.93,32.54,0,1,8,4,255.76
Sales,Morning,11.31,43.49,1,0,10,6,287.9
Finance,Night,8.52,64.99,0,0,7,3,50.69
HR,Night,10.45,67.34,1,0,7,5,329.97
Finance,Evening,10.24,20.38,0,0,4,2,68.48
Finance,Morning,9.56,48.09,0,0,3,2,112.53
Sales,Night,12.34,42.96,0,0,9,3,279.67
Sales,Evening,10.98,32.22,0,0,9,2,144.02
Production,Night,8.49,26.59,1,0,2,6,26.06
IT,Night,9.32,38.57,1,0,1,5,101.82
Production,Morning,12.1,71.86,0,0,2,2,441.94
Sales,Night,8.46,37.78,0,0,3,3,26.07
Production,Night,13.11,48.53,0,0,11,1,371.98
Finance,Morning,10.97,58.67,1,0,3,6,348.5
Finance,Night,10.88,40.0,0,0,12,0,172.8
Sales,Night,11.55,73.45,0,0,8,1,391.12
Sales,Morning,12.95,72.93,1,0,11,6,722.01
Production,Morning,10.09,33.85,1,0,2,6,141.49
Production,Night,12.07,47.35,0,0,7,3,289.07
Finance,Night,11.39,36.55,0,0,7,1,185.86
IT,Night,9.6,35.67,1,0,11,6,114.14
IT,Night,13.27,22.03,0,0,8,3,174.15
Sales,Evening,12.78,53.53,1,0,9,6,511.75
Production,Night,11.95,47.65,0,0,5,4,282.33
IT,Morning,13.1,22.83,1,0,10,5,232.87
Production,Morning,13.2,35.33,0,0,1,0,275.57
HR,Morning,12.25,69.95,0,0,12,0,445.93
Finance,Morning,13.02,33.18,0,0,2,4,249.85
Production,Night,12.18,27.97,0,0,12,1,175.37
Production,Night,12.08,46.92,0,0,10,3,287.15
Production,Evening,11.71,74.21,1,0,5,5,550.64
IT,Night,12.52,33.31,0,0,11,1,225.84
Production,Morning,8.95,56.97,0,0,6,1,81.18
HR,Night,13.29,61.89,0,0,2,3,491.1
IT,Evening,13.23,33.07,1,0,5,5,345.91
Sales,Night,8.18,60.05,0,0,8,0,16.21
Sales,Night,12.95,40.23,1,0,3,5,398.28
Finance,Morning,8.77,54.78,0,0,8,3,63.27
HR,Evening,10.01,54.84,0,0,1,3,165.34
Production,Night,12.46,49.47,0,0,5,3,330.95
HR,Night,8.96,24.97,1,0,9,6,47.94
Sales,Evening,12.91,65.94,0,1,4,2,647.53
Production,Night,12.99,37.64,0,0,9,2,281.74
HR,Evening,11.04,30.26,0,0,2,0,137.99
IT,Evening,8.04,22.24,0,0,11,0,1.33
Production,Morning,9.72,52.5,0,0,6,0,135.45
IT,Night,11.7,57.27,0,0,11,0,317.85
HR,Evening,13.89,20.91,0,0,9,2,184.74
Production,Evening,11.79,48.17,1,0,11,5,365.13
Finance,Evening,9.56,32.46,1,0,4,5,101.28
Finance,Morning,11.8,55.48,0,0,3,3,316.24
Sales,Night,11.24,29.59,0,0,7,4,143.81
Production,Morning,12.68,58.0,0,0,3,0,407.16
HR,Morning,8.64,41.27,1,0,10,5,52.83
Finance,Evening,12.57,71.52,0,0,9,0,490.27
Sales,Evening,11.25,27.56,0,0,1,2,134.35
Production,Evening,13.78,38.76,0,0,11,0,336.05
Finance,Evening,10.05,26.24,1,0,6,6,107.58
Production,Morning,11.8,70.86,0,0,9,0,403.9
Sales,Evening,13.59,68.25,0,0,1,4,572.28
HR,Night,8.62,34.19,0,0,2,3,31.8
Sales,Morning,13.62,56.3,1,0,7,5,632.81
HR,Evening,12.13,64.95,1,0,6,5,536.49
IT,Night,8.41,50.54,1,0,5,5,41.44
Finance,Evening,9.81,49.13,0,0,1,3,133.39
IT,Night,12.25,33.3,1,0,5,6,283.05
HR,Evening,8.4,25.12,1,0,10,5,20.1
Production,Evening,11.49,69.35,0,0,2,0,363.05
HR,Morning,10.08,69.52,0,0,2,3,216.9
HR,Evening,11.73,54.82,1,0,9,5,408.96
Production,Night,8.27,38.65,0,0,2,2,15.65
IT,Night,13.23,39.21,0,0,9,1,307.6
Finance,Morning,13.84,59.93,0,0,3,3,524.99
HR,Evening,13.81,69.34,0,0,3,4,604.3
HR,Morning,12.5,68.79,0,0,12,3,464.33
Finance,Evening,8.78,62.89,0,0,9,0,73.58
HR,Morning,12.55,55.31,0,1,10,3,503.32
Finance,Evening,8.15,24.63,0,0,3,2,5.54
Finance,Evening,8.13,28.89,0,0,5,4,5.63
Finance,Morning,9.94,69.42,1,0,9,6,269.35
Production,Morning,10.93,53.35,0,0,11,4,234.47
IT,Morning,12.62,20.51,0,0,8,1,142.13
IT,Morning,12.1,25.58,1,0,4,5,209.76
Sales,Evening,10.68,56.49,1,0,10,5,302.79
Production,Evening,9.64,20.28,1,0,12,5,66.52
Sales,Night,13.98,28.84,1,0,4,6,344.93
IT,Evening,10.56,50.18,0,0,6,0,192.69
IT,Morning,10.71,58.05,0,0,7,3,235.97
IT,Morning,8.98,55.86,0,0,12,2,82.11
HR,Evening,12.77,32.33,1,1,11,5,308.43
Sales,Night,12.16,59.17,0,0,7,4,369.22
Production,Night,9.32,33.05,0,0,8,2,65.44
Sales,Evening,8.49,37.9,0,0,9,0,27.86
IT,Morning,12.08,61.06,0,0,8,2,373.69
Production,Morning,11.93,55.73,0,0,3,0,328.53
Sales,Evening,9.64,66.71,0,0,5,2,164.11
IT,Night,13.71,56.17,1,0,4,5,641.46
IT,Evening,8.91,51.26,1,0,2,6,93.29
Production,Evening,10.59,25.15,0,0,6,0,97.71
Finance,Evening,13.66,40.22,1,0,1,5,455.29
Production,Evening,10.52,34.59,0,0,10,2,130.75
Finance,Morning,11.83,33.42,1,0,10,5,256.0
HR,Morning,10.39,73.52,0,0,4,0,263.57
Production,Evening,9.65,41.62,0,0,10,2,103.01
Finance,Night,13.9,69.06,0,0,4,2,611.18
Sales,Evening,10.46,54.71,1,0,1,5,269.17
IT,Morning,13.36,63.71,0,0,2,3,512.23
HR,Morning,9.38,47.65,0,0,12,0,98.64
Production,Night,9.28,51.73,0,0,11,3,99.32
Finance,Evening,8.19,47.09,0,0,1,4,13.42
Sales,Morning,11.91,30.74,0,0,4,0,180.29
Finance,Morning,10.21,59.73,0,0,2,1,198.0
Production,Evening,13.19,35.44,0,0,1,4,275.9
Finance,Evening,10.84,21.34,0,0,6,3,90.91
Production,Night,13.81,55.5,0,0,2,3,483.68
Finance,Night,9.11,29.74,1,0,9,6,66.02
IT,Night,13.21,71.73,0,0,5,4,560.57
Production,Evening,12.66,72.47,0,0,5,4,506.57
Production,Evening,12.63,70.32,0,0,12,1,488.37
HR,Night,13.07,40.36,1,1,9,5,409.25
IT,Morning,12.57,20.85,1,0,4,6,190.57
Production,Morning,11.76,71.06,1,0,10,5,534.37
Sales,Evening,8.79,43.55,1,0,3,6,68.81
Finance,Morning,8.2,73.17,0,0,10,0,21.95
Sales,Evening,13.53,73.0,0,0,10,3,605.53
Finance,Night,11.7,66.92,1,0,8,6,495.21
Finance,Evening,12.78,36.19,0,0,5,0,259.48
HR,Evening,10.89,41.18,1,0,8,6,238.02
Production,Evening,8.7,66.81,0,0,7,0,70.15
Finance,Morning,8.75,37.43,0,0,4,1,42.11
HR,Evening,12.11,29.32,0,0,2,1,180.76
Sales,Morning,10.58,50.62,0,0,2,2,195.9
HR,Night,9.2,71.49,0,0,12,3,128.68
Sales,Night,10.95,58.28,1,0,8,5,343.85
Production,Morning,8.39,51.35,0,0,7,1,30.04
Finance,Evening,11.49,25.34,0,0,8,1,132.65
IT,Night,9.61,53.83,0,0,7,2,130.0
Sales,Evening,12.79,74.45,0,0,8,3,534.92
Finance,Morning,9.86,27.7,0,0,1,1,77.28
IT,Evening,10.73,48.51,0,0,12,3,198.65
IT,Night,8.07,68.26,0,0,12,0,7.17
Sales,Evening,8.43,60.74,0,0,11,3,39.18
Finance,Night,10.35,58.34,0,0,2,3,205.65
IT,Evening,10.88,58.64,1,0,2,5,337.77
HR,Night,11.6,39.77,1,0,7,5,286.34
HR,Night,9.75,36.15,0,0,6,0,94.89
Finance,Night,12.17,64.51,0,0,2,1,403.51
Production,Morning,13.16,64.56,0,0,5,3,499.69
HR,Morning,12.68,67.69,0,0,4,2,475.18
Sales,Morning,8.24,70.23,0,0,4,1,25.28
Finance,Evening,10.88,48.12,0,1,10,3,277.17
IT,Evening,8.63,47.58,0,0,8,0,44.96
HR,Evening,9.45,63.91,0,0,3,3,139.0
Finance,Night,13.92,55.75,0,0,8,1,495.06
Finance,Evening,8.85,58.61,0,0,4,4,74.73
Production,Morning,10.99,63.77,0,0,5,4,286.01
IT,Morning,11.71,68.95,0,0,8,0,383.71
IT,Night,12.21,38.59,0,0,5,3,243.7
IT,Night,11.36,40.66,1,0,2,5,273.24
Sales,Evening,8.06,25.17,0,0,8,4,2.27
Finance,Night,9.96,51.81,0,0,10,3,152.32
Sales,Morning,11.11,21.98,0,0,2,3,102.54
Sales,Morning,8.53,45.61,1,1,1,6,48.35
Finance,Morning,10.1,49.85,1,0,11,6,209.37
IT,Morning,8.2,35.76,1,0,10,5,14.3
Finance,Night,8.47,52.5,0,0,1,2,37.01
Production,Evening,10.38,21.68,0,0,2,0,77.4
Finance,Evening,8.8,22.05,0,0,5,4,26.46
Finance,Night,11.41,65.24,0,0,3,3,333.7
HR,Evening,12.14,39.81,0,0,7,0,247.22
Production,Morning,12.8,26.99,1,0,9,5,259.1
HR,Night,9.2,48.72,0,0,9,3,87.7
IT,Night,9.0,62.35,1,0,4,6,124.7
IT,Morning,8.63,31.87,0,0,7,4,30.12
Production,Evening,11.82,54.26,0,0,1,4,310.91
Sales,Night,12.24,24.69,0,0,3,2,157.03
Finance,Evening,8.19,22.84,0,0,7,0,6.51
HR,Morning,13.62,49.22,0,0,1,3,414.92
Production,Evening,8.31,49.73,1,0,7,5,30.83
HR,Night,11.25,55.06,0,0,5,4,268.42
Finance,Night,12.25,59.94,0,0,8,3,382.12
Sales,Evening,13.23,73.67,0,0,5,1,577.94
HR,Night,12.28,48.4,0,0,8,1,310.73
Production,Evening,12.81,37.76,0,0,12,1,272.44
Finance,Night,10.04,63.74,1,0,10,6,260.06
Finance,Night,12.89,34.9,0,0,12,4,255.99
Sales,Night,8.48,44.14,1,0,9,6,42.37
Production,Evening,13.37,24.32,0,0,3,4,195.9
Finance,Night,11.29,21.39,0,0,4,1,105.56
HR,Night,12.9,72.95,1,0,6,6,714.91
IT,Evening,10.71,65.98,0,1,4,1,357.61
Production,Evening,11.86,58.28,0,0,1,3,337.44
HR,Morning,11.16,42.49,0,0,10,4,201.4
Sales,Evening,12.39,29.53,1,0,10,6,259.27
Sales,Evening,8.49,28.6,1,0,2,5,28.03
Finance,Night,8.36,33.76,0,0,6,1,18.23
Sales,Morning,9.48,50.21,0,0,1,3,111.47
IT,Evening,8.96,59.3,1,0,1,6,113.86
HR,Night,13.23,56.31,0,0,10,0,441.75
Production,Evening,9.32,35.4,0,0,9,1,70.09
Finance,Night,13.86,72.52,0,0,9,0,637.45
Production,Night,10.02,60.58,0,1,9,0,244.74
HR,Night,9.09,50.49,1,0,3,5,110.07
IT,Morning,12.74,53.64,0,0,1,3,381.38
HR,Night,11.95,43.08,0,0,9,3,255.25
HR,Evening,10.99,33.63,0,0,2,1,150.83
Finance,Evening,11.33,39.58,1,0,4,6,263.6
Production,Night,12.32,61.68,0,0,2,2,399.69
HR,Night,9.37,20.79,1,0,11,5,56.96
HR,Night,13.98,26.38,0,0,2,1,236.63
IT,Morning,13.85,22.53,0,0,12,4,197.7
Sales,Night,11.9,22.24,0,0,5,3,130.1
IT,Morning,9.2,67.05,1,0,7,5,160.92
Production,Night,12.08,58.7,0,0,3,0,359.24
Production,Evening,8.43,46.08,1,0,10,6,39.63
Finance,Morning,8.18,25.38,0,0,5,2,6.85
Sales,Night,9.55,47.04,0,0,10,4,109.37
Production,Night,10.78,46.04,1,0,11,5,255.98
Sales,Night,13.21,29.53,0,0,1,1,230.78
IT,Night,12.36,43.86,0,0,11,4,286.84
Production,Evening,12.46,41.92,0,0,2,1,280.44
HR,Morning,10.55,53.87,1,0,8,6,274.74
Production,Night,10.08,54.93,0,0,12,2,171.38
Sales,Morning,10.23,22.49,1,0,10,6,100.31
Production,Morning,13.93,40.6,0,0,10,4,361.14
Finance,Night,8.24,54.42,0,0,9,3,19.59
HR,Night,13.2,47.67,0,0,6,2,371.83
Finance,Morning,11.47,67.11,0,0,5,2,349.31
IT,Morning,10.63,56.23,0,0,4,1,221.83
Production,Morning,12.35,28.96,0,0,12,1,188.96
Production,Evening,10.92,23.88,0,0,6,1,104.59
IT,Evening,13.24,55.33,1,0,5,5,579.86
Finance,Evening,13.4,21.46,0,0,5,4,173.83
HR,Morning,10.53,52.22,0,0,7,1,198.17
Finance,Evening,9.66,71.71,1,0,3,6,238.08
Sales,Night,11.55,51.65,0,0,12,2,275.04
Finance,Morning,13.47,41.35,0,0,11,3,339.28
HR,Evening,9.26,55.38,0,0,6,1,104.67
Production,Night,11.74,45.2,1,0,8,5,338.1
Finance,Night,11.79,50.01,0,0,6,2,284.31
IT,Evening,12.4,71.78,0,0,2,4,473.75
HR,Night,8.79,41.24,1,0,1,6,65.16
Production,Night,12.29,72.87,1,0,8,5,625.22
HR,Morning,13.45,69.79,1,0,11,5,760.71
IT,Night,9.08,30.77,0,0,10,3,49.85
Sales,Morning,9.43,23.81,0,0,2,4,51.07
HR,Night,13.83,25.54,0,0,2,4,223.35
HR,Morning,9.09,21.0,0,0,10,4,34.33
Finance,Night,13.13,25.19,1,0,4,6,258.45
IT,Evening,10.95,57.57,0,0,9,2,254.75
IT,Night,9.48,23.92,0,0,5,4,53.1
Sales,Evening,13.22,37.54,1,0,3,6,391.92
IT,Night,10.67,66.47,1,0,6,5,354.95
HR,Evening,11.09,21.28,0,0,2,2,98.63
Sales,Evening,10.16,64.8,0,0,5,1,209.95
IT,Morning,11.56,35.5,0,0,7,2,189.57
Sales,Evening,8.98,26.5,0,0,5,0,38.96
IT,Night,10.35,58.32,1,0,3,5,274.1
IT,Evening,13.82,54.59,0,0,8,2,476.57
Finance,Night,9.55,68.26,0,0,10,0,158.7
IT,Evening,11.94,60.43,1,0,12,5,476.19
Sales,Night,9.95,64.19,0,0,6,2,187.76
HR,Night,12.64,35.51,0,0,11,0,247.15
Finance,Night,8.79,29.76,0,0,12,0,35.27
IT,Night,13.82,61.28,1,0,9,6,713.3
IT,Night,10.72,64.38,1,0,1,6,350.23
Sales,Evening,9.42,74.48,0,0,12,0,158.64
Finance,Night,8.44,42.69,1,0,10,5,37.57
IT,Evening,9.02,40.46,0,0,6,1,61.9
HR,Morning,11.12,62.7,1,0,12,5,391.25
HR,Morning,10.02,38.74,1,0,2,6,156.51
IT,Evening,12.97,71.19,0,0,3,0,530.72
HR,Night,10.59,67.21,0,0,5,4,261.11
Finance,Evening,9.49,43.59,1,0,3,5,129.9
IT,Morning,11.7,61.3,0,0,2,0,340.21
Sales,Evening,12.24,61.5,1,0,10,5,521.52
Finance,Evening,9.0,25.67,0,0,3,4,38.51
HR,Night,9.01,69.64,0,0,5,1,105.5
IT,Morning,8.22,47.79,1,0,5,6,21.03
Finance,Night,12.42,65.46,0,0,11,3,434.0
HR,Night,11.98,37.6,0,0,4,4,224.47
IT,Evening,10.85,69.25,0,0,6,2,296.04
Production,Evening,13.07,41.41,0,0,4,1,314.92
Sales,Evening,12.83,20.6,0,0,12,3,149.25
HR,Evening,11.51,69.8,0,1,11,4,490.0
HR,Night,13.21,25.02,0,0,5,4,195.53
Production,Night,9.24,37.56,0,0,9,1,69.86
Production,Evening,8.67,72.25,0,0,9,0,72.61
Finance,Evening,9.62,72.28,0,0,5,4,175.64
Sales,Morning,8.34,51.54,0,0,1,0,26.29
Sales,Night,11.19,54.75,0,0,2,0,261.98
HR,Night,13.62,44.66,0,1,11,4,501.98
Production,Night,8.24,36.13,0,0,8,1,13.01
Sales,Evening,8.73,38.08,0,0,5,3,41.7
IT,Evening,10.71,56.99,0,0,1,3,231.66
Sales,Evening,13.6,61.38,0,0,1,3,515.59
HR,Morning,9.9,63.54,0,0,6,4,181.09
Sales,Evening,11.04,63.43,1,0,3,5,385.65
Finance,Morning,8.25,25.02,1,0,11,6,12.51
Production,Evening,8.89,47.19,0,0,5,3,63.0
HR,Night,13.92,23.17,0,0,3,0,205.75
HR,Morning,13.79,50.22,0,0,8,4,436.16
Production,Evening,8.03,44.28,0,0,10,4,1.99
Production,Evening,13.71,68.82,1,1,12,6,785.92
Production,Night,11.83,39.3,0,0,8,3,225.78
HR,Evening,13.21,26.44,0,0,10,2,206.63
Production,Night,10.73,27.86,1,0,1,6,152.12
Production,Evening,11.09,61.88,0,0,2,3,286.81
HR,Morning,10.93,54.0,1,1,2,5,316.44
HR,Morning,12.0,25.56,1,0,12,5,204.48
Finance,Night,8.84,24.63,0,1,3,1,41.38
Sales,Evening,8.18,58.55,0,0,10,1,15.81
IT,Night,9.85,24.0,1,0,1,6,88.8
HR,Night,12.23,65.2,0,0,7,2,413.69
IT,Evening,9.21,58.84,1,0,10,6,142.39
Finance,Morning,12.04,24.47,0,0,10,4,148.29
Sales,Morning,13.82,24.67,0,0,3,0,215.37
Sales,Night,8.56,74.27,1,0,8,5,83.18
Sales,Night,12.04,40.58,0,0,3,4,245.91
Finance,Night,10.66,40.39,0,0,1,2,161.16
Production,Morning,13.21,64.7,1,0,6,5,674.17
Sales,Morning,9.06,72.1,1,0,7,6,152.85
Sales,Morning,12.16,74.23,0,0,1,1,463.2
Finance,Night,13.03,61.44,0,0,7,3,463.56
Production,Night,13.67,40.69,0,0,4,4,346.07
Sales,Morning,12.1,24.59,0,0,12,1,151.23
Sales,Night,10.98,62.74,0,0,5,3,280.45
Production,Morning,11.71,50.71,0,1,12,0,376.27
HR,Morning,13.21,43.33,1,0,2,5,451.5
HR,Morning,11.42,69.85,0,0,7,1,358.33
Sales,Evening,8.18,26.12,0,0,10,1,7.05
IT,Evening,13.59,47.09,0,0,7,0,394.85
Production,Night,12.14,20.62,0,0,11,4,128.05
Production,Evening,12.06,45.78,0,0,3,4,278.8
IT,Morning,9.29,23.1,0,0,5,4,44.7
Production,Night,11.95,26.53,0,0,3,1,157.19
Finance,Morning,10.36,26.46,0,1,4,1,124.89
Production,Morning,11.91,55.71,0,0,7,3,326.74
Production,Night,8.64,61.03,0,0,1,0,58.59
Production,Morning,11.95,52.09,0,0,4,2,308.63
HR,Evening,14.0,72.92,0,0,6,4,656.28
Finance,Night,8.29,40.62,0,0,7,2,17.67
Production,Evening,13.86,35.71,0,0,12,1,313.89
Finance,Evening,10.44,67.77,0,0,5,3,248.04
Finance,Night,13.22,32.3,1,0,5,5,337.21
Finance,Morning,12.69,72.98,1,0,3,6,684.55
IT,Evening,11.4,20.67,0,0,12,4,105.42
Production,Evening,12.43,73.34,0,1,2,1,649.79
HR,Evening,13.27,22.37,0,0,7,1,176.83
HR,Night,10.42,69.01,0,0,1,0,250.51
HR,Morning,9.96,49.02,0,0,8,4,144.12
HR,Morning,12.01,74.61,0,0,4,3,448.78
Production,Night,12.85,24.06,1,0,4,6,233.38
HR,Night,12.57,50.46,1,0,8,6,461.2
Finance,Morning,12.79,73.31,1,0,6,6,702.31
IT,Night,10.61,48.77,0,0,6,4,190.93
Sales,Night,12.91,54.62,1,0,4,6,536.37
HR,Night,8.72,58.27,0,0,4,4,62.93
Sales,Morning,11.27,45.0,0,0,1,0,220.72
Sales,Morning,8.03,54.52,0,0,12,3,2.45
Sales,Evening,9.95,52.14,0,0,4,2,152.51
Finance,Morning,10.2,69.56,0,1,7,3,306.06
HR,Morning,10.38,22.5,0,0,6,2,80.33
Production,Evening,12.17,35.45,0,0,5,4,221.74
Finance,Evening,10.33,72.27,0,0,2,2,252.58
Production,Morning,10.69,68.96,0,0,5,4,278.25
HR,Night,9.43,45.06,1,0,6,6,128.87
Finance,Evening,10.24,54.11,0,0,11,1,181.81
Sales,Morning,9.36,35.26,0,0,9,3,71.93
Finance,Morning,8.44,30.35,0,0,7,3,20.03
Finance,Evening,11.62,45.5,1,0,12,6,329.42
HR,Night,12.01,39.43,0,0,10,3,237.17
Sales,Night,11.72,52.1,0,0,6,3,290.72
Sales,Morning,10.78,24.28,0,0,1,2,101.25
IT,Evening,10.28,73.59,1,1,3,5,335.57
IT,Evening,13.18,74.24,0,0,5,2,576.84
Production,Evening,11.11,58.4,0,0,4,2,272.44
IT,Night,10.88,49.49,1,0,10,5,285.06
HR,Night,8.15,37.02,0,0,5,4,8.33
Finance,Night,10.05,64.76,0,1,1,0,265.52
Sales,Evening,10.28,57.66,0,0,2,1,197.2
Finance,Morning,10.39,28.94,1,0,11,6,138.33
HR,Night,11.48,70.1,0,0,8,0,365.92
Finance,Evening,11.2,65.24,0,0,6,3,313.15
Sales,Evening,11.65,72.24,0,0,6,1,395.51
IT,Morning,12.59,59.91,0,0,8,1,412.48
Production,Morning,12.88,53.74,0,0,11,4,393.38
Sales,Evening,12.31,43.0,0,0,9,4,278.0
Sales,Morning,13.73,71.3,1,0,3,5,817.1
Sales,Night,8.11,67.63,0,0,7,3,11.16
Sales,Evening,9.17,22.49,0,0,10,3,39.47
HR,Night,8.05,21.45,0,0,4,1,1.61
Sales,Evening,11.88,40.71,1,0,5,6,315.91
Finance,Night,13.39,64.58,0,0,1,3,522.13
HR,Morning,9.46,74.3,0,0,12,0,162.72
IT,Morning,13.56,28.27,0,0,8,1,235.77
Finance,Night,8.36,52.68,0,0,1,2,28.45
Finance,Evening,13.61,40.95,0,0,9,2,344.59
Finance,Evening,10.11,73.35,0,0,10,4,232.15
Finance,Night,8.61,66.32,0,0,12,3,60.68
HR,Night,10.92,66.11,0,0,12,2,289.56
IT,Morning,9.54,45.78,0,0,4,4,105.75
IT,Morning,9.71,42.82,1,0,7,6,146.44
Sales,Night,9.84,35.04,1,1,8,5,128.95
Production,Night,12.82,23.1,0,0,2,2,167.01
HR,Evening,11.23,67.56,1,1,12,6,436.44
IT,Evening,9.87,64.71,0,0,6,3,181.51
HR,Night,11.66,74.98,1,0,11,6,548.85
HR,Evening,12.3,74.82,0,0,6,1,482.59
Sales,Morning,9.64,50.55,1,0,12,5,165.8
IT,Evening,10.48,62.29,0,0,3,2,231.72
Production,Night,8.73,71.96,0,0,6,1,78.8
Production,Morning,9.09,66.73,0,0,9,2,109.1
Production,Morning,12.09,33.6,1,0,6,6,274.85
Finance,Morning,9.09,44.78,0,0,12,0,73.22
IT,Evening,11.15,27.1,0,0,7,1,128.05
Finance,Evening,12.25,72.47,0,0,6,1,462.0
Finance,Morning,8.64,53.34,1,0,7,5,68.28
Finance,Morning,11.4,32.58,0,0,12,1,166.16
Sales,Evening,9.54,56.94,1,0,6,6,175.38
Sales,Evening,13.78,54.0,1,0,10,5,624.24
HR,Morning,10.9,39.7,0,0,3,4,172.7
HR,Evening,12.84,26.25,0,0,4,2,190.58
IT,Evening,11.3,56.94,0,0,8,0,281.85
IT,Evening,8.26,48.62,1,0,12,6,25.28
Sales,Evening,11.8,62.48,0,0,7,0,356.14
HR,Night,13.71,48.61,1,0,12,5,555.13
HR,Night,11.61,66.87,0,0,3,0,362.1
Finance,Night,12.92,50.35,0,0,11,2,371.58
Production,Morning,13.31,50.85,1,0,10,6,540.03
Production,Evening,9.37,68.22,0,0,6,2,140.19
Production,Night,9.27,42.19,1,1,7,6,107.16
Sales,Evening,11.67,27.37,0,0,10,2,150.67
Production,Night,10.47,21.58,0,0,1,2,79.95
Production,Morning,13.04,61.53,0,0,6,3,465.17
Finance,Morning,13.4,54.12,0,0,5,1,438.37
IT,Night,10.12,58.72,0,0,4,4,186.73
Sales,Morning,9.42,31.71,1,0,8,5,90.06
HR,Evening,12.68,27.5,0,0,10,4,193.05
Finance,Evening,9.65,20.8,0,0,11,4,51.48
Production,Morning,12.94,39.28,0,0,12,1,291.06
HR,Evening,10.54,52.45,1,0,6,5,266.45
Finance,Night,12.01,41.57,0,0,8,2,250.04
Sales,Night,8.57,44.06,0,0,8,4,37.67
Production,Night,11.74,69.73,0,0,8,4,391.19
Sales,Evening,10.71,39.15,0,0,12,4,159.14
Finance,Night,11.52,48.27,1,0,4,6,339.82
HR,Morning,9.01,63.1,0,0,9,4,95.6
IT,Night,12.42,41.81,1,0,8,6,369.6
Production,Evening,13.18,54.21,0,0,3,4,421.21
Sales,Evening,9.3,67.43,0,0,12,3,131.49
HR,Night,8.57,72.22,0,0,2,3,61.75
HR,Morning,8.14,28.09,0,1,5,0,7.87
IT,Morning,11.85,70.96,1,0,9,6,546.39
Finance,Morning,11.64,47.07,1,0,12,5,342.67
IT,Evening,11.28,34.2,0,0,11,4,168.26
IT,Morning,9.39,45.25,0,0,11,4,94.35
Finance,Evening,10.35,73.9,1,0,6,5,347.33
Finance,Night,11.57,47.09,0,0,2,0,252.17
Finance,Night,10.98,38.08,0,0,5,3,170.22
HR,Evening,13.93,54.84,0,0,12,3,487.8
HR,Evening,8.82,33.21,1,0,6,6,54.46
Production,Night,12.17,24.17,1,0,4,5,201.58
Production,Night,10.43,27.09,1,0,4,5,131.66
IT,Evening,10.57,27.04,0,0,3,0,104.24
IT,Night,12.31,28.35,0,0,1,0,183.28
Production,Night,12.15,27.64,0,0,1,4,172.06
Sales,Morning,13.95,55.25,0,0,5,1,493.11
IT,Morning,8.77,30.0,0,0,9,0,34.65
Sales,Night,8.62,39.01,1,0,11,6,48.37
Sales,Night,12.35,69.32,0,0,2,4,452.31
Finance,Morning,11.47,46.07,0,0,8,4,239.79
HR,Night,9.64,56.72,0,0,8,4,139.53
Production,Evening,8.48,29.48,0,0,11,2,21.23
HR,Night,8.51,30.58,0,0,10,2,23.39
Production,Night,13.37,22.25,0,0,4,3,179.22
HR,Evening,9.15,29.29,0,0,12,1,50.53
Production,Morning,9.94,35.32,0,0,7,2,102.78
HR,Night,9.36,29.74,0,0,9,3,60.67
Finance,Morning,10.13,24.88,0,0,7,3,79.49
Sales,Morning,8.42,26.63,0,0,5,0,16.78
Production,Night,11.11,45.34,0,0,3,0,211.51
Sales,Night,8.41,31.35,0,0,12,1,19.28
Production,Morning,12.8,40.03,0,0,12,4,288.22
Production,Night,9.4,47.69,0,0,1,4,100.15
Finance,Night,11.24,57.97,0,0,2,0,281.73
HR,Morning,13.28,22.16,0,0,8,2,175.51
Production,Morning,11.91,63.97,0,0,4,2,375.18
HR,Evening,11.2,54.53,0,0,4,1,261.74
Finance,Night,9.95,24.5,0,0,12,1,71.66
IT,Evening,10.0,68.05,0,0,9,1,204.15
Sales,Morning,12.02,70.65,0,0,8,1,426.02
Production,Night,13.96,23.36,1,0,1,6,278.45
Finance,Morning,11.97,35.23,0,0,10,0,209.79
HR,Night,11.35,64.34,0,0,5,3,323.31
Production,Night,12.38,61.15,0,0,3,1,401.76
HR,Evening,10.79,30.15,0,0,8,4,126.18
IT,Morning,8.36,31.51,0,0,3,0,17.02
Production,Night,11.37,40.38,0,0,8,1,204.12
Sales,Evening,13.75,46.65,0,0,12,0,402.36
Production,Morning,9.05,54.0,0,0,9,0,85.05
Sales,Evening,12.14,40.29,0,1,10,1,333.6
HR,Morning,9.21,45.44,1,0,11,5,109.96
Production,Night,11.21,61.11,0,0,6,3,294.24
Finance,Evening,8.58,22.02,0,0,8,4,19.16
Finance,Evening,10.7,33.88,0,0,11,0,137.21
IT,Night,12.54,59.23,0,0,9,1,403.36
Finance,Morning,10.09,69.24,0,0,8,3,217.07
IT,Night,11.99,48.14,0,0,10,2,288.12
HR,Evening,12.77,49.27,1,0,8,6,470.04
Sales,Night,13.56,25.89,1,0,3,6,287.9
HR,Evening,9.41,44.61,0,0,9,0,94.35
Sales,Night,10.4,49.29,0,1,8,1,236.59
Sales,Morning,8.91,33.34,0,0,5,1,45.51
IT,Evening,13.95,34.81,0,1,5,2,414.24
Finance,Evening,13.56,40.75,1,0,11,6,453.14
Finance,Morning,11.24,21.1,0,0,5,3,102.55
IT,Night,13.05,37.71,0,0,9,2,285.65
IT,Morning,11.13,31.63,1,0,9,5,198.0
HR,Night,11.74,38.01,0,0,11,0,213.24
IT,Morning,8.53,26.59,1,0,5,5,28.19
Finance,Morning,12.53,68.98,0,0,5,2,468.72
IT,Evening,8.77,52.65,0,1,8,3,81.08
IT,Evening,12.96,57.35,1,0,2,6,568.91
Sales,Night,12.69,63.4,0,0,5,1,446.02
IT,Morning,12.25,47.41,0,0,5,3,302.24
HR,Night,8.22,24.78,0,0,5,1,8.18
IT,Morning,9.82,49.54,1,0,6,5,180.33
Production,Morning,9.58,52.28,0,0,6,4,123.9
Production,Evening,10.16,61.0,1,0,10,5,263.52
Sales,Morning,8.53,43.74,0,0,2,1,34.77
Sales,Evening,13.62,27.02,0,0,3,2,227.78
Production,Evening,11.32,35.61,0,0,3,2,177.34
Sales,Morning,9.83,39.97,0,0,4,1,109.72
Sales,Morning,10.38,55.53,0,0,7,2,198.24
Finance,Night,10.68,51.39,0,0,12,0,206.59
Finance,Night,11.6,39.59,0,0,3,3,213.79
IT,Night,11.09,74.26,1,0,12,6,458.93
Production,Evening,13.52,53.32,1,0,4,6,588.65
HR,Evening,10.98,33.05,1,0,2,6,196.98
Production,Evening,13.95,25.6,0,0,8,4,228.48
Production,Evening,13.11,28.41,0,0,7,0,217.76
Finance,Evening,9.25,33.53,0,0,6,3,62.87
Finance,Evening,13.58,28.84,1,0,10,6,321.85
Sales,Morning,8.7,30.26,0,0,8,2,31.77
HR,Night,12.9,35.68,0,0,8,4,262.25
Finance,Night,10.28,29.54,1,0,2,5,134.7
Sales,Night,13.27,69.32,0,0,4,2,547.97
HR,Morning,13.21,24.41,0,0,8,0,190.76
Finance,Night,12.84,48.85,1,0,7,5,472.87
Production,Evening,12.74,42.57,0,0,10,0,302.67
Production,Morning,9.83,74.03,0,0,12,1,203.21
HR,Morning,8.49,26.16,1,0,1,5,25.64
HR,Night,10.42,41.88,0,0,10,2,152.02
Finance,Evening,9.04,73.32,0,0,7,0,114.38
Finance,Night,12.17,67.6,0,0,9,1,422.84
HR,Morning,10.08,64.94,1,0,1,5,270.15
HR,Night,13.85,34.18,0,0,6,0,299.93
Sales,Morning,11.85,29.4,0,0,6,0,169.78
Sales,Morning,12.93,56.78,1,0,7,5,559.85
Sales,Morning,8.8,71.12,1,0,8,6,113.79
Production,Evening,13.17,50.62,0,0,10,4,392.56
Production,Evening,13.54,51.44,0,0,10,1,427.47
Sales,Night,10.92,35.4,0,0,11,2,155.05
Sales,Night,11.64,62.32,0,0,4,2,340.27
HR,Night,12.59,30.29,1,0,9,6,278.06
Production,Evening,9.05,37.8,0,0,4,2,59.54
Sales,Night,11.02,43.4,0,0,5,1,196.6
IT,Evening,10.39,47.92,0,0,8,1,171.79
Finance,Morning,8.88,33.33,1,0,9,5,58.66
Sales,Morning,10.21,26.32,0,1,1,2,116.33
Production,Evening,8.41,53.58,1,0,7,5,43.94
Sales,Evening,8.15,35.87,1,0,6,6,10.76
IT,Morning,8.81,51.97,0,0,12,1,63.14
HR,Evening,13.78,28.49,1,0,12,6,329.34
Production,Morning,11.3,46.46,1,0,7,6,306.64
HR,Night,13.79,49.29,0,0,3,2,428.08
Finance,Morning,10.59,22.85,0,1,8,3,118.36
HR,Morning,9.87,38.51,0,0,3,4,108.02
Sales,Night,11.04,27.39,1,0,11,5,166.53
IT,Evening,10.64,23.49,0,0,10,2,93.02
HR,Night,8.63,74.45,0,0,1,1,70.36
IT,Morning,11.84,37.73,0,0,7,0,217.32
Production,Morning,9.3,64.54,0,0,10,4,125.85
Production,Morning,11.72,34.01,0,0,10,3,189.78
Sales,Morning,11.9,57.48,1,0,12,5,448.34
Sales,Morning,8.91,61.81,0,0,1,1,84.37
Sales,Night,8.37,52.76,0,0,2,2,29.28
IT,Morning,12.68,45.94,0,0,11,2,322.5
Finance,Evening,10.76,42.65,0,0,8,4,176.57
Finance,Night,8.35,39.19,0,0,3,1,20.57
Finance,Night,13.97,71.12,0,0,8,0,636.88
Production,Night,8.35,65.68,0,0,4,4,34.48
Production,Morning,12.17,73.08,1,1,1,6,609.49
Finance,Morning,13.9,26.84,0,0,5,2,237.53
Sales,Night,9.44,60.2,0,0,7,0,130.03
HR,Morning,8.85,71.61,0,0,6,1,91.3
Finance,Evening,8.73,29.97,1,0,4,5,43.76
HR,Evening,9.82,23.66,0,0,8,3,64.59
Finance,Morning,8.61,60.76,0,0,6,1,55.6
HR,Night,12.15,51.6,1,0,6,6,428.28
Sales,Morning,8.37,66.3,0,0,7,0,36.8
Production,Morning,11.06,27.69,0,0,5,4,127.1
Finance,Morning,13.98,63.74,0,0,8,0,571.75
Finance,Night,12.88,31.09,1,0,5,5,303.44
Sales,Evening,11.69,29.0,0,0,2,1,160.51
IT,Morning,9.84,29.03,0,0,8,4,80.12
Finance,Night,11.74,64.8,0,0,1,4,363.53
HR,Night,11.16,56.59,1,0,10,5,357.65
Sales,Evening,10.56,48.77,0,1,1,0,249.7
IT,Night,8.78,39.74,1,0,6,6,61.99
Finance,Night,13.32,68.25,0,0,4,4,544.64
Finance,Night,10.7,41.58,1,1,11,5,224.53
Production,Evening,9.17,64.91,0,0,2,2,113.92
IT,Morning,10.21,44.15,1,1,11,6,195.14
Sales,Evening,10.48,40.73,0,0,1,1,151.52
HR,Morning,12.97,45.45,0,0,1,3,338.83
Finance,Night,12.4,36.58,0,0,5,2,241.43
Sales,Night,12.62,61.12,1,0,4,6,564.75
Production,Morning,8.07,47.65,1,0,1,5,6.67
Finance,Evening,10.5,32.77,1,0,11,5,163.85
IT,Evening,10.89,69.48,0,0,3,3,301.2
Sales,Evening,8.12,41.11,1,0,5,5,9.87
HR,Morning,9.56,49.9,0,0,3,3,116.77
Production,Night,12.56,69.86,1,0,8,6,637.12
Sales,Night,8.82,54.33,0,0,12,1,66.83
Finance,Night,11.21,26.43,0,0,2,4,127.26
HR,Morning,9.29,71.69,0,0,10,3,138.72
Finance,Night,8.07,54.52,0,0,4,1,5.72
Finance,Night,9.45,38.42,0,0,8,2,83.56
IT,Evening,13.86,27.66,0,0,12,3,243.13
IT,Night,12.81,63.67,0,0,5,0,459.38
Finance,Evening,13.76,54.1,0,0,7,1,467.42
Production,Morning,10.93,49.34,0,0,3,3,216.85
IT,Evening,8.66,69.16,0,0,11,4,68.47
IT,Night,11.29,63.37,0,0,11,4,312.73
IT,Night,10.73,28.34,0,0,2,4,116.05
IT,Evening,13.07,37.14,0,0,3,1,282.45
HR,Night,8.59,33.67,0,0,6,0,29.8
Finance,Evening,10.93,60.92,0,0,2,1,267.74
HR,Night,8.9,21.84,0,0,10,4,29.48
Sales,Evening,9.95,51.34,0,1,1,1,200.23
Sales,Evening,12.42,61.94,0,0,6,0,410.66
Sales,Morning,10.86,68.22,0,0,10,2,292.66
HR,Evening,10.26,38.81,1,0,12,5,175.42
Finance,Evening,10.37,65.17,1,0,7,5,308.91
Sales,Morning,10.76,26.08,0,0,7,2,107.97
IT,Night,12.71,66.55,1,0,4,5,626.9
Sales,Evening,13.35,27.01,1,0,2,5,289.01
Production,Morning,13.73,41.85,0,0,10,4,359.7
IT,Morning,12.72,63.85,1,0,12,5,602.74
IT,Evening,9.89,28.25,0,0,11,1,80.09
IT,Night,12.13,32.61,0,0,5,0,202.02
Sales,Morning,10.63,59.72,1,0,2,5,314.13
IT,Evening,9.53,59.6,0,0,12,1,136.78
Production,Morning,13.05,55.26,0,0,6,2,418.59
HR,Night,8.23,58.17,0,0,12,2,20.07
Production,Evening,13.41,49.85,0,0,11,1,404.53
Finance,Evening,10.77,33.85,0,1,3,0,187.53
IT,Night,11.82,39.01,0,0,10,4,223.53
Production,Night,11.96,29.99,0,0,1,2,178.14
Sales,Morning,13.37,69.96,0,0,6,4,563.53
Finance,Evening,11.82,52.09,0,1,9,1,397.97
Production,Morning,11.68,42.05,0,0,8,4,232.12
IT,Evening,8.4,45.41,0,1,12,4,36.33
Sales,Morning,11.11,72.1,0,1,7,2,448.46
IT,Evening,8.9,28.43,0,0,2,2,38.38
Finance,Night,12.42,52.24,0,1,9,2,461.8
Production,Morning,11.07,47.82,0,0,11,4,220.21
IT,Evening,12.08,53.63,0,0,6,1,328.22
Finance,Evening,8.25,21.0,0,0,1,1,7.88
Sales,Morning,8.51,67.97,0,0,8,0,52.0
Production,Night,12.3,71.27,0,0,9,0,459.69
Production,Night,8.43,51.08,0,0,2,0,32.95
Finance,Morning,8.43,58.32,1,1,8,6,50.16
Production,Morning,8.07,70.74,1,0,7,5,9.9
Sales,Evening,13.74,58.9,1,0,11,5,676.17
Sales,Evening,12.43,28.39,1,0,8,6,251.54
Production,Night,10.12,51.7,0,0,12,0,164.41
IT,Night,9.78,53.37,0,1,3,3,190.0
IT,Night,10.1,43.33,0,0,8,0,136.49
Sales,Morning,12.65,60.5,0,1,4,1,562.65
IT,Morning,11.97,71.39,0,0,9,3,425.13
Finance,Morning,9.11,70.91,1,0,11,6,157.42
HR,Night,9.04,44.8,0,0,5,0,69.89
Production,Night,8.59,26.23,0,0,11,2,23.21
Finance,Night,11.96,74.17,0,0,10,4,440.57
Sales,Night,12.59,66.14,0,0,9,4,455.37
HR,Morning,9.59,26.86,0,0,8,2,64.06
Sales,Evening,8.13,70.65,0,0,8,1,13.78
HR,Morning,8.49,67.84,0,0,10,4,49.86
Finance,Evening,13.81,48.54,1,0,5,6,564.03
HR,Evening,9.77,52.52,1,0,6,6,185.92
IT,Morning,12.62,41.95,0,0,5,1,290.71
Finance,Morning,11.75,23.01,0,0,2,4,129.43
Production,Morning,10.29,38.44,0,0,5,4,132.04
Sales,Night,9.23,64.16,0,0,8,1,118.38
IT,Morning,8.73,20.25,0,0,5,0,22.17
Production,Night,11.69,38.34,0,0,8,1,212.21
HR,Evening,12.65,41.9,1,0,10,6,389.67
IT,Morning,11.86,49.56,1,0,11,6,382.6
Production,Night,11.18,70.59,0,0,12,1,336.71
Finance,Night,8.25,39.05,0,0,7,0,14.64
HR,Night,13.81,39.08,1,0,6,6,454.11
Production,Morning,12.79,60.56,0,0,1,2,435.12
HR,Evening,9.76,44.87,0,0,9,3,118.46
Production,Morning,13.88,32.35,0,0,6,0,285.33
Sales,Night,11.61,44.88,0,0,4,4,243.03
Finance,Evening,11.49,27.75,1,0,9,6,193.7
IT,Evening,12.49,29.7,1,0,4,5,266.71
Production,Evening,12.87,47.41,0,0,7,1,346.33
HR,Evening,11.94,43.04,0,0,5,1,254.37
Finance,Night,8.77,70.32,0,1,6,1,108.29
IT,Night,10.03,39.93,1,0,5,5,162.12
HR,Evening,13.57,51.93,1,0,11,6,578.5
Finance,Evening,9.35,54.77,0,0,12,4,110.91
HR,Evening,10.23,20.72,0,0,5,3,69.31
Finance,Evening,10.59,56.49,1,0,10,6,292.62
IT,Night,10.64,29.79,0,0,1,0,117.97
IT,Evening,11.68,72.86,0,1,9,0,536.25
HR,Evening,13.66,28.18,0,0,4,1,239.25
Finance,Morning,9.44,42.8,0,0,2,3,92.45
Production,Night,8.73,24.69,1,0,5,6,36.05
IT,Evening,9.18,74.83,0,0,7,0,132.45
Production,Evening,13.32,47.62,0,0,9,0,380.01
Production,Morning,11.87,52.75,1,0,10,6,408.28
Sales,Evening,9.72,23.69,1,0,5,6,81.49
HR,Evening,12.9,61.25,1,0,12,5,600.25
HR,Evening,13.17,31.54,0,0,9,0,244.59
HR,Morning,13.08,69.39,0,0,11,3,528.75
Finance,Night,13.51,31.28,0,0,12,2,258.53
IT,Morning,9.51,30.49,0,0,9,1,69.06
IT,Night,12.53,22.01,0,0,8,0,149.56
Sales,Morning,10.76,45.96,0,0,1,3,190.27
Sales,Morning,13.05,51.07,0,0,2,0,386.86
Sales,Evening,12.37,23.61,1,0,5,5,206.35
Production,Night,12.66,62.65,0,0,4,3,437.92
HR,Night,11.94,44.93,1,0,7,6,354.05
Finance,Night,9.06,48.84,1,1,12,6,103.54
IT,Night,11.27,44.24,0,0,5,0,217.0
Finance,Evening,13.91,42.04,0,0,6,4,372.68
HR,Evening,13.62,50.78,1,0,12,5,570.77
HR,Morning,8.26,28.54,1,0,10,5,14.84
IT,Morning,8.99,30.01,0,0,7,1,44.56
Production,Evening,8.79,67.4,1,0,8,6,106.49
Sales,Morning,12.36,72.04,1,0,10,5,628.19
Production,Evening,12.91,40.53,0,0,9,0,298.5
HR,Night,9.28,34.89,0,0,6,3,66.99
HR,Morning,11.04,55.42,0,0,8,2,252.72
Production,Evening,13.04,42.48,0,0,10,3,321.15
Sales,Night,12.4,21.4,0,0,6,3,141.24
Sales,Night,11.25,28.59,0,0,6,0,139.38
HR,Night,11.54,59.38,0,0,12,4,315.31
Sales,Evening,11.05,56.24,0,0,8,3,257.3
Sales,Evening,9.79,21.49,0,0,5,0,57.7
IT,Evening,11.39,32.21,0,0,6,4,163.79
IT,Night,12.13,32.71,0,0,5,4,202.64
Finance,Night,13.24,56.95,0,0,4,1,447.63
Production,Night,11.82,21.08,0,0,3,0,120.79
HR,Evening,12.57,25.73,0,0,4,2,176.38
Sales,Evening,8.96,64.0,0,0,6,2,92.16
Finance,Morning,10.77,29.82,0,0,3,0,123.9
IT,Night,8.06,55.9,0,0,10,3,5.03
Sales,Evening,9.48,33.1,1,0,12,5,97.98
Production,Morning,12.36,25.47,1,0,4,5,222.1
IT,Morning,13.95,33.37,0,0,4,2,297.83
HR,Night,8.6,59.72,0,0,4,0,53.75
Sales,Night,10.41,67.06,0,0,9,4,242.42
Finance,Evening,12.8,65.66,0,0,5,3,472.75
HR,Morning,9.22,41.85,0,0,10,2,76.59
Sales,Night,11.33,56.74,0,0,9,4,283.42
Sales,Night,12.4,31.27,1,0,11,6,275.18
Sales,Morning,11.7,36.12,1,0,5,6,267.29
Sales,Night,9.13,69.3,0,0,2,4,117.46
Sales,Morning,10.13,20.72,0,0,4,3,66.2
HR,Morning,12.7,24.7,1,0,6,6,232.18
Production,Night,11.33,31.43,1,0,4,6,209.32
Production,Morning,8.03,21.46,0,0,7,4,0.97
HR,Morning,12.57,29.98,0,0,4,2,205.51
Production,Evening,8.21,52.07,0,0,6,2,16.4
Finance,Morning,12.47,43.18,0,0,1,2,289.52
Finance,Night,9.21,69.1,0,0,12,0,125.42
HR,Morning,13.75,64.96,0,1,10,2,747.04
Finance,Morning,10.21,38.8,0,0,3,3,128.62
HR,Night,9.96,34.27,0,0,5,2,100.75
Finance,Morning,8.89,40.88,0,0,1,4,54.57
IT,Morning,9.83,52.47,0,0,1,1,144.03
HR,Morning,13.26,34.74,1,0,10,5,365.46
Sales,Night,13.98,54.33,0,0,5,4,487.34
Finance,Evening,10.21,42.52,0,1,12,2,187.94
IT,Evening,10.69,50.36,0,0,3,3,203.2
HR,Morning,12.33,43.99,1,0,11,6,380.95
Finance,Night,13.32,36.2,0,0,9,1,288.88
Sales,Night,11.56,72.16,1,0,2,5,513.78
Finance,Night,10.35,62.0,0,0,1,1,218.55
IT,Night,10.48,27.71,0,0,10,1,103.08
Production,Evening,12.17,67.77,0,0,5,0,423.9
Production,Night,8.02,46.81,0,0,8,4,1.4
IT,Evening,11.72,69.2,0,0,9,2,386.14
IT,Morning,10.13,63.99,0,0,8,3,204.45
HR,Morning,12.77,43.39,0,0,6,1,310.46
Production,Night,8.56,21.24,1,0,4,5,23.79
HR,Night,11.53,34.78,0,0,1,0,184.16
Finance,Evening,10.89,49.79,1,1,5,5,287.79
IT,Morning,11.85,54.84,0,0,9,1,316.7
HR,Morning,8.39,34.18,0,0,2,4,20.0
IT,Night,11.48,27.66,0,0,2,0,144.39
HR,Night,11.37,65.92,0,0,7,4,333.23
Finance,Evening,11.36,74.14,0,0,9,1,373.67
Finance,Night,11.62,48.91,0,0,2,4,265.58
Sales,Evening,12.06,29.44,0,0,10,3,179.29
Production,Morning,12.83,34.98,0,0,11,2,253.43
Sales,Night,9.62,21.01,0,0,12,3,51.05
Production,Night,12.95,70.29,0,0,1,1,521.9
Finance,Night,10.99,26.48,0,1,3,2,158.35
HR,Evening,8.46,51.71,0,0,3,1,35.68
IT,Morning,8.35,35.07,0,0,10,3,18.41
Finance,Morning,10.01,50.48,0,0,6,3,152.2
Finance,Morning,12.71,55.83,0,0,2,3,394.44
HR,Night,12.25,65.64,0,0,5,3,418.46
Finance,Morning,12.73,31.35,1,0,3,6,296.57
Finance,Morning,11.1,20.6,0,0,10,0,95.79
HR,Morning,10.64,27.53,1,0,8,5,145.36
Finance,Night,8.88,69.5,0,0,11,4,91.74
Production,Night,9.97,68.06,1,0,11,6,268.16
Production,Evening,10.6,52.86,0,0,11,3,206.15
Production,Evening,8.53,53.03,1,0,4,5,56.21
Production,Evening,9.32,56.58,0,0,9,3,112.03
Finance,Evening,11.59,29.65,0,0,7,0,159.67
IT,Morning,12.41,70.29,0,0,8,1,464.97
Production,Evening,13.99,43.03,0,0,8,4,386.62
Production,Evening,13.6,41.07,0,0,6,0,344.99
Finance,Evening,11.86,48.54,0,0,10,2,281.05
Sales,Night,10.53,22.58,0,0,8,4,85.69
Finance,Morning,11.82,29.15,0,0,6,4,167.03
HR,Night,12.71,60.59,1,0,10,6,570.76
Production,Morning,8.71,24.55,0,0,11,4,26.15
HR,Evening,10.46,53.17,0,0,1,4,196.2
Production,Night,13.04,33.49,1,0,11,6,337.58
Sales,Morning,10.3,41.41,0,1,2,3,190.49
IT,Night,11.43,35.88,0,0,4,3,184.6
Sales,Night,11.53,39.56,0,0,11,0,209.47
Finance,Morning,9.11,59.55,1,0,4,5,132.2
Finance,Morning,10.17,36.34,0,0,5,4,118.29
HR,Evening,10.01,51.15,0,0,12,4,154.22
HR,Evening,8.16,46.18,0,0,2,1,11.08
Finance,Evening,8.15,56.5,1,0,3,5,16.95
Finance,Night,12.99,71.53,1,0,5,5,713.87
Finance,Evening,9.64,60.29,1,0,3,6,197.75
Production,Morning,11.11,31.82,0,0,10,4,148.44
Sales,Night,9.79,21.72,1,0,2,5,77.76
Production,Morning,13.64,34.42,1,0,3,5,388.26
IT,Night,9.56,52.73,0,0,1,3,123.39
Production,Morning,10.58,22.83,0,0,7,1,88.35
Finance,Morning,13.24,47.3,0,0,8,1,371.78
Production,Evening,13.05,52.83,0,1,12,4,533.58
HR,Evening,9.12,38.38,1,0,11,5,85.97
Finance,Night,12.82,62.4,0,0,8,4,451.15
Sales,Evening,10.75,25.86,0,0,5,4,106.67
Production,Night,10.9,24.13,0,0,1,4,104.97
Finance,Morning,8.8,60.05,0,0,4,1,72.06
HR,Night,8.48,47.25,0,1,5,2,45.36
HR,Morning,12.37,57.86,1,0,12,6,505.7
Production,Morning,10.98,43.92,1,0,5,6,261.76
Finance,Morning,10.62,33.55,0,0,12,4,131.85
Sales,Night,12.38,65.05,0,0,8,3,427.38
IT,Night,12.59,63.97,0,0,2,3,440.43
HR,Evening,8.95,58.21,0,0,12,3,82.95
IT,Evening,11.66,34.97,0,0,4,2,191.99
Sales,Morning,8.81,52.46,0,0,5,4,63.74
Production,Morning,12.51,39.85,0,0,11,0,269.59
HR,Night,11.94,25.04,0,0,10,2,147.99
IT,Evening,13.74,70.45,0,0,12,4,606.57
HR,Night,8.41,27.53,1,0,4,5,22.57
IT,Night,8.34,72.26,0,0,8,2,36.85
Finance,Night,9.69,44.53,0,0,2,4,112.88
